{
  "model": {
    "type": "minecraft:select",
    "property": "minecraft:custom_model_data",
    "cases": [
      {
        "when": 1001,
        "model": {
          "type": "minecraft:model",
          "model": "minecraft:item/test_square"
        }
      },
      {
        "when": 1002,
        "model": {
          "type": "minecraft:model",
          "model": "minecraft:item/re_aldur"
        }
      }
    ],
    "fallback": {
      "type": "minecraft:model",
      "model": "minecraft:item/carved_pumpkin"
    }
  }
}