{
  "format_version": "1.21.6",
  "credit": "Made with Blockbench",
  "parent": "item/generated",
  "texture_size": [
    64,
    64
  ],
  "textures": {
    "layer0": "item/64x64",
    "1": "item/64x64",
    "particle": "item/64x64"
  },
  "elements": [
    {
      "name": "Head",
      "from": [
        4,
        24,
        4
      ],
      "to": [
        12,
        32,
        12
      ],
      "rotation": {
        "angle": 0,
        "axis": "y",
        "origin": [
          8,
          0,
          8
        ]
      },
      "faces": {
        "north": {
          "uv": [
            2,
            2,
            4,
            4
          ],
          "texture": "#1"
        },
        "east": {
          "uv": [
            0,
            2,
            2,
            4
          ],
          "texture": "#1"
        },
        "south": {
          "uv": [
            6,
            2,
            8,
            4
          ],
          "texture": "#1"
        },
        "west": {
          "uv": [
            4,
            2,
            6,
            4
          ],
          "texture": "#1"
        },
        "up": {
          "uv": [
            4,
            2,
            2,
            0
          ],
          "texture": "#1"
        },
        "down": {
          "uv": [
            6,
            0,
            4,
            2
          ],
          "texture": "#1"
        }
      }
    },
    {
      "name": "Hat Layer",
      "from": [
        3.5,
        23,
        3.5
      ],
      "to": [
        12.5,
        32,
        12.5
      ],
      "rotation": {
        "angle": 0,
        "axis": "y",
        "origin": [
          8,
          0,
          8
        ]
      },
      "faces": {
        "north": {
          "uv": [
            10,
            2,
            12,
            4
          ],
          "texture": "#1"
        },
        "east": {
          "uv": [
            8,
            2,
            10,
            4
          ],
          "texture": "#1"
        },
        "south": {
          "uv": [
            14,
            2,
            16,
            4
          ],
          "texture": "#1"
        },
        "west": {
          "uv": [
            12,
            2,
            14,
            4
          ],
          "texture": "#1"
        },
        "up": {
          "uv": [
            12,
            2,
            10,
            0
          ],
          "texture": "#1"
        },
        "down": {
          "uv": [
            14,
            0,
            12,
            2
          ],
          "texture": "#1"
        }
      }
    },
    {
      "name": "Body",
      "from": [
        4,
        12,
        6
      ],
      "to": [
        12,
        24,
        10
      ],
      "rotation": {
        "angle": 0,
        "axis": "y",
        "origin": [
          8,
          0,
          8
        ]
      },
      "faces": {
        "north": {
          "uv": [
            5,
            5,
            7,
            8
          ],
          "texture": "#1"
        },
        "east": {
          "uv": [
            4,
            5,
            5,
            8
          ],
          "texture": "#1"
        },
        "south": {
          "uv": [
            8,
            5,
            10,
            8
          ],
          "texture": "#1"
        },
        "west": {
          "uv": [
            7,
            5,
            8,
            8
          ],
          "texture": "#1"
        },
        "up": {
          "uv": [
            7,
            5,
            5,
            4
          ],
          "texture": "#1"
        },
        "down": {
          "uv": [
            9,
            4,
            7,
            5
          ],
          "texture": "#1"
        }
      }
    },
    {
      "name": "Body Layer",
      "from": [
        3.75,
        11.75,
        5.75
      ],
      "to": [
        12.25,
        24.25,
        10.25
      ],
      "rotation": {
        "angle": 0,
        "axis": "y",
        "origin": [
          8,
          0,
          8
        ]
      },
      "faces": {
        "north": {
          "uv": [
            5,
            9,
            7,
            12
          ],
          "texture": "#1"
        },
        "east": {
          "uv": [
            4,
            9,
            5,
            12
          ],
          "texture": "#1"
        },
        "south": {
          "uv": [
            8,
            9,
            10,
            12
          ],
          "texture": "#1"
        },
        "west": {
          "uv": [
            7,
            9,
            8,
            12
          ],
          "texture": "#1"
        },
        "up": {
          "uv": [
            7,
            9,
            5,
            8
          ],
          "texture": "#1"
        },
        "down": {
          "uv": [
            9,
            8,
            7,
            9
          ],
          "texture": "#1"
        }
      }
    },
    {
      "name": "Right Arm",
      "from": [
        12,
        12,
        6
      ],
      "to": [
        16,
        24,
        10
      ],
      "rotation": {
        "angle": 0,
        "axis": "y",
        "origin": [
          8,
          0,
          8
        ]
      },
      "faces": {
        "north": {
          "uv": [
            11,
            5,
            12,
            8
          ],
          "texture": "#1"
        },
        "east": {
          "uv": [
            10,
            5,
            11,
            8
          ],
          "texture": "#1"
        },
        "south": {
          "uv": [
            13,
            5,
            14,
            8
          ],
          "texture": "#1"
        },
        "west": {
          "uv": [
            12,
            5,
            13,
            8
          ],
          "texture": "#1"
        },
        "up": {
          "uv": [
            12,
            5,
            11,
            4
          ],
          "texture": "#1"
        },
        "down": {
          "uv": [
            13,
            4,
            12,
            5
          ],
          "texture": "#1"
        }
      }
    },
    {
      "name": "Right Arm Layer",
      "from": [
        11.75,
        11.75,
        5.75
      ],
      "to": [
        16.25,
        24.25,
        10.25
      ],
      "rotation": {
        "angle": 0,
        "axis": "y",
        "origin": [
          8,
          0,
          8
        ]
      },
      "faces": {
        "north": {
          "uv": [
            11,
            9,
            12,
            12
          ],
          "texture": "#1"
        },
        "east": {
          "uv": [
            10,
            9,
            11,
            12
          ],
          "texture": "#1"
        },
        "south": {
          "uv": [
            13,
            9,
            14,
            12
          ],
          "texture": "#1"
        },
        "west": {
          "uv": [
            12,
            9,
            13,
            12
          ],
          "texture": "#1"
        },
        "up": {
          "uv": [
            12,
            9,
            11,
            8
          ],
          "texture": "#1"
        },
        "down": {
          "uv": [
            13,
            8,
            12,
            9
          ],
          "texture": "#1"
        }
      }
    },
    {
      "name": "Left Arm",
      "from": [
        0,
        12,
        6
      ],
      "to": [
        4,
        24,
        10
      ],
      "rotation": {
        "angle": 0,
        "axis": "y",
        "origin": [
          8,
          0,
          8
        ]
      },
      "faces": {
        "north": {
          "uv": [
            9,
            13,
            10,
            16
          ],
          "texture": "#1"
        },
        "east": {
          "uv": [
            8,
            13,
            9,
            16
          ],
          "texture": "#1"
        },
        "south": {
          "uv": [
            11,
            13,
            12,
            16
          ],
          "texture": "#1"
        },
        "west": {
          "uv": [
            10,
            13,
            11,
            16
          ],
          "texture": "#1"
        },
        "up": {
          "uv": [
            10,
            13,
            9,
            12
          ],
          "texture": "#1"
        },
        "down": {
          "uv": [
            11,
            12,
            10,
            13
          ],
          "texture": "#1"
        }
      }
    },
    {
      "name": "Left Arm Layer",
      "from": [
        -0.25,
        11.75,
        5.75
      ],
      "to": [
        4.25,
        24.25,
        10.25
      ],
      "rotation": {
        "angle": 0,
        "axis": "y",
        "origin": [
          8,
          0,
          8
        ]
      },
      "faces": {
        "north": {
          "uv": [
            13,
            13,
            14,
            16
          ],
          "texture": "#1"
        },
        "east": {
          "uv": [
            12,
            13,
            13,
            16
          ],
          "texture": "#1"
        },
        "south": {
          "uv": [
            15,
            13,
            16,
            16
          ],
          "texture": "#1"
        },
        "west": {
          "uv": [
            14,
            13,
            15,
            16
          ],
          "texture": "#1"
        },
        "up": {
          "uv": [
            14,
            13,
            13,
            12
          ],
          "texture": "#1"
        },
        "down": {
          "uv": [
            15,
            12,
            14,
            13
          ],
          "texture": "#1"
        }
      }
    },
    {
      "name": "Right Leg",
      "from": [
        7.9,
        0,
        6
      ],
      "to": [
        11.9,
        12,
        10
      ],
      "rotation": {
        "angle": 0,
        "axis": "y",
        "origin": [
          8,
          0,
          8
        ]
      },
      "faces": {
        "north": {
          "uv": [
            1,
            5,
            2,
            8
          ],
          "texture": "#1"
        },
        "east": {
          "uv": [
            0,
            5,
            1,
            8
          ],
          "texture": "#1"
        },
        "south": {
          "uv": [
            3,
            5,
            4,
            8
          ],
          "texture": "#1"
        },
        "west": {
          "uv": [
            2,
            5,
            3,
            8
          ],
          "texture": "#1"
        },
        "up": {
          "uv": [
            2,
            5,
            1,
            4
          ],
          "texture": "#1"
        },
        "down": {
          "uv": [
            3,
            4,
            2,
            5
          ],
          "texture": "#1"
        }
      }
    },
    {
      "name": "Right Leg Layer",
      "from": [
        7.65,
        -0.25,
        5.75
      ],
      "to": [
        12.15,
        12.25,
        10.25
      ],
      "rotation": {
        "angle": 0,
        "axis": "y",
        "origin": [
          8,
          0,
          8
        ]
      },
      "faces": {
        "north": {
          "uv": [
            1,
            9,
            2,
            12
          ],
          "texture": "#1"
        },
        "east": {
          "uv": [
            0,
            9,
            1,
            12
          ],
          "texture": "#1"
        },
        "south": {
          "uv": [
            3,
            9,
            4,
            12
          ],
          "texture": "#1"
        },
        "west": {
          "uv": [
            2,
            9,
            3,
            12
          ],
          "texture": "#1"
        },
        "up": {
          "uv": [
            2,
            9,
            1,
            8
          ],
          "texture": "#1"
        },
        "down": {
          "uv": [
            3,
            8,
            2,
            9
          ],
          "texture": "#1"
        }
      }
    },
    {
      "name": "Left Leg",
      "from": [
        4.1,
        0,
        6
      ],
      "to": [
        8.1,
        12,
        10
      ],
      "rotation": {
        "angle": 0,
        "axis": "y",
        "origin": [
          8,
          0,
          8
        ]
      },
      "faces": {
        "north": {
          "uv": [
            5,
            13,
            6,
            16
          ],
          "texture": "#1"
        },
        "east": {
          "uv": [
            4,
            13,
            5,
            16
          ],
          "texture": "#1"
        },
        "south": {
          "uv": [
            7,
            13,
            8,
            16
          ],
          "texture": "#1"
        },
        "west": {
          "uv": [
            6,
            13,
            7,
            16
          ],
          "texture": "#1"
        },
        "up": {
          "uv": [
            6,
            13,
            5,
            12
          ],
          "texture": "#1"
        },
        "down": {
          "uv": [
            7,
            12,
            6,
            13
          ],
          "texture": "#1"
        }
      }
    },
    {
      "name": "Left Leg Layer",
      "from": [
        3.85,
        -0.25,
        5.75
      ],
      "to": [
        8.35,
        12.25,
        10.25
      ],
      "rotation": {
        "angle": 0,
        "axis": "y",
        "origin": [
          8,
          0,
          8
        ]
      },
      "faces": {
        "north": {
          "uv": [
            1,
            13,
            2,
            16
          ],
          "texture": "#1"
        },
        "east": {
          "uv": [
            0,
            13,
            1,
            16
          ],
          "texture": "#1"
        },
        "south": {
          "uv": [
            3,
            13,
            4,
            16
          ],
          "texture": "#1"
        },
        "west": {
          "uv": [
            2,
            13,
            3,
            16
          ],
          "texture": "#1"
        },
        "up": {
          "uv": [
            2,
            13,
            1,
            12
          ],
          "texture": "#1"
        },
        "down": {
          "uv": [
            3,
            12,
            2,
            13
          ],
          "texture": "#1"
        }
      }
    }
  ],
  "groups": [
    {
      "name": "Head",
      "origin": [
        8,
        24,
        8
      ],
      "color": 0,
      "children": [
        0,
        1
      ]
    },
    {
      "name": "Body",
      "origin": [
        8,
        24,
        8
      ],
      "color": 0,
      "children": [
        2,
        3
      ]
    },
    {
      "name": "Right Arm",
      "origin": [
        13,
        22,
        8
      ],
      "color": 0,
      "children": [
        4,
        5
      ]
    },
    {
      "name": "Left Arm",
      "origin": [
        3,
        22,
        8
      ],
      "color": 0,
      "children": [
        6,
        7
      ]
    },
    {
      "name": "Right Leg",
      "origin": [
        9.9,
        12,
        8
      ],
      "color": 0,
      "children": [
        8,
        9
      ]
    },
    {
      "name": "Left Leg",
      "origin": [
        6.1,
        12,
        8
      ],
      "color": 0,
      "children": [
        10,
        11
      ]
    }
  ]
}